Txn Dt,Details,Amt
2026-07-01,Meralco supplies,-250.00
2026-07-02,Globe bill,-263.37
2026-07-03,Jollibee lunch,-276.74
2026-07-04,Shell fuel,-290.11
2026-07-05,Puregold payment,-303.48
2026-07-06,Mercury order,-316.85
2026-07-07,Lazada subscription,-330.22
2026-07-08,Maynilad supplies,-343.59
2026-07-09,Starbucks bill,-356.96
2026-07-10,Petron lunch,-370.33
2026-07-11,Watsons fuel,-383.70
2026-07-12,Ace Hardware payment,-397.07
2026-07-13,Mang Inasal order,-410.44
2026-07-14,Unioil subscription,-423.81
2026-07-15,Landers supplies,-437.18
2026-07-16,Robinsons bill,-450.55
2026-07-17,Savemore lunch,-463.92
2026-07-18,McDonalds fuel,-477.29
2026-07-19,Chowking payment,-490.66
2026-07-20,Greenwich order,-504.03
