Date,Description,Amount
2026-07-01,MERALCO SUPPLIES,-250.00
2026-07-02,GLOBE BILL,-263.37
2026-07-03,JOLLIBEE LUNCH,-276.74
2026-07-04,SHELL FUEL,-290.11
2026-07-05,PUREGOLD PAYMENT,-303.48
2026-07-06,MERCURY ORDER,-316.85
2026-07-07,LAZADA SUBSCRIPTION,-330.22
2026-07-08,MAYNILAD SUPPLIES,-343.59
2026-07-09,STARBUCKS BILL,-356.96
2026-07-10,PETRON LUNCH,-370.33
2026-07-11,WATSONS FUEL,-383.70
2026-07-12,ACE HARDWARE PAYMENT,-397.07
2026-07-13,MANG INASAL ORDER,-410.44
2026-07-14,UNIOIL SUBSCRIPTION,-423.81
2026-07-15,LANDERS SUPPLIES,-437.18
2026-07-16,ROBINSONS BILL,-450.55
2026-07-17,SAVEMORE LUNCH,-463.92
2026-07-18,MCDONALDS FUEL,-477.29
2026-07-19,CHOWKING PAYMENT,-490.66
