Transaction Date,Description,Reference,Amount
2026-06-01,POS MERALCO SUPPLIES,REF-5000,-6277.40
2026-06-01,POS CONVERGE SUPPLIES,,-295.75
2026-06-02,POS FEDEX LUNCH,REF-5023,-525.26
2026-06-03,POS CHOWKING PAYMENT,REF-5018,-8394.72
2026-06-04,POS UNIOIL SUBSCRIPTION,REF-5013,-6281.31
2026-06-05,POS STARBUCKS BILL,REF-5008,-5668.17
2026-06-06,POS SHELL FUEL,REF-5003,-1207.02
2026-06-06,POS MERCURY 36 BILL,,-5998.16
2026-06-07,POS MERALCO 31 FUEL,,-2571.62
2026-06-08,POS WILCON ORDER,,-5804.72
2026-06-09,POS CANON SUPPLIES,REF-5021,-1211.87
2026-06-10,POS SAVEMORE LUNCH,REF-5016,-4824.82
2026-06-11,POS ACE HARDWARE PAYMENT,REF-5011,-7735.55
2026-06-11,POS STARBUCKS 39 PAYMENT,,-4010.36
2026-06-12,POS LAZADA SUBSCRIPTION,REF-5006,-2364.30
2026-06-12,POS SHELL 34 SUBSCRIPTION,,-847.65
2026-06-13,POS GLOBE BILL,REF-5001,-410.06
2026-06-13,POS PLDT BILL,,-4996.94
2026-06-14,POS LBC FUEL,REF-5024,-7146.46
2026-06-15,POS GREENWICH ORDER,REF-5019,-6692.67
2026-06-16,POS LANDERS SUPPLIES,REF-5014,-5070.58
2026-06-17,POS PETRON LUNCH,REF-5009,-7061.11
2026-06-18,POS PUREGOLD PAYMENT,REF-5004,-5796.70
2026-06-18,POS LAZADA 37 LUNCH,,-3532.54
2026-06-19,POS GLOBE 32 PAYMENT,,-6121.78
2026-06-20,POS HANDYMAN SUBSCRIPTION,,-6664.13
2026-06-21,POS EPSON BILL,REF-5022,-3383.05
2026-06-22,POS MCDONALDS FUEL,REF-5017,-871.40
2026-06-22,POS PUREGOLD 35 SUPPLIES,,-660.89
2026-06-23,POS MANG INASAL ORDER,REF-5012,-1340.30
2026-06-23,POS FOODPANDA LUNCH,,-343.61
2026-06-24,POS MAYNILAD SUPPLIES,REF-5007,-6785.68
2026-06-24,POS METROBANK PAYMENT,,-5334.58
2026-06-25,POS JOLLIBEE LUNCH,REF-5002,-1831.48
2026-06-25,POS SHOPEE SUBSCRIPTION,REF-5020,-8938.00
2026-06-26,POS ROBINSONS BILL,REF-5015,-8451.53
2026-06-27,POS WATSONS FUEL,REF-5010,-6431.25
2026-06-27,POS MAYNILAD 38 FUEL,,-6172.76
2026-06-28,POS MERCURY ORDER,REF-5005,-3539.50
2026-06-28,POS JOLLIBEE 33 ORDER,,-4214.84
