Date,Description,Reference,Amount
2026-06-01,Meralco supplies,REF-5000,-6277.40
2026-06-12,Globe bill,REF-5001,-410.06
2026-06-23,Jollibee lunch,REF-5002,-1831.48
2026-06-06,Shell fuel,REF-5003,-1207.02
2026-06-17,Puregold payment,REF-5004,-5796.70
2026-06-28,Mercury order,REF-5005,-3539.50
2026-06-11,Lazada subscription,REF-5006,-2364.30
2026-06-22,Maynilad supplies,REF-5007,-6785.68
2026-06-05,Starbucks bill,REF-5008,-5668.17
2026-06-16,Petron lunch,REF-5009,-7061.11
2026-06-27,Watsons fuel,REF-5010,-6431.25
2026-06-10,Ace Hardware payment,REF-5011,-7735.55
2026-06-21,Mang Inasal order,REF-5012,-1340.30
2026-06-04,Unioil subscription,REF-5013,-6281.31
2026-06-15,Landers supplies,REF-5014,-5070.58
2026-06-26,Robinsons bill,REF-5015,-8451.53
2026-06-09,Savemore lunch,REF-5016,-4824.82
2026-06-20,McDonalds fuel,REF-5017,-871.40
2026-06-03,Chowking payment,REF-5018,-8394.72
2026-06-14,Greenwich order,REF-5019,-6692.67
2026-06-25,Shopee subscription,REF-5020,-8938.00
2026-06-08,Canon supplies,REF-5021,-1211.87
2026-06-19,Epson bill,REF-5022,-3383.05
2026-06-02,Fedex lunch,REF-5023,-525.26
2026-06-13,LBC fuel,REF-5024,-7146.46
2026-06-24,Metrobank payment,,-5334.58
2026-06-07,Wilcon order,,-5804.72
2026-06-18,Handyman subscription,,-6664.13
2026-06-01,Converge supplies,,-295.75
2026-06-12,PLDT bill,,-4996.94
2026-06-23,Foodpanda lunch,,-343.61
2026-06-06,Meralco 31 fuel,,-2571.62
2026-06-17,Globe 32 payment,,-6121.78
2026-06-28,Jollibee 33 order,,-4214.84
2026-06-11,Shell 34 subscription,,-847.65
2026-06-22,Puregold 35 supplies,,-660.89
2026-06-05,Mercury 36 bill,,-5998.16
2026-06-16,Lazada 37 lunch,,-3532.54
2026-06-27,Maynilad 38 fuel,,-6172.76
2026-06-10,Starbucks 39 payment,,-4010.36
