Posting Date,Description,Reference,Amount
2026-06-01,MERALCO 1000,inv1000,-2525.47
2026-06-01,POS CONVERGE,inv1028,-6258.10
2026-06-03,LAZADA 1222,,99.00
2026-06-04,MCDONALDS FUEL,,-9680.55
2026-06-04,FEDEX LUNCH,,-1685.89
2026-06-06,MANG INASAL 1444,inv1012,-4045.47
2026-06-07,POS GLOBE,,-4207.77
2026-06-07,CHOWKING 1666,,-9674.64
2026-06-07,PLDT BILL,,-1166.57
2026-06-08,POS MAYNILAD,,-7863.93
2026-06-10,POS UNIOIL,,-8143.94
2026-06-11,JOLLIBEE LUNCH,,-458.46
2026-06-11,LBC 1888,inv1024,-245.47
2026-06-11,FOODPANDA 2110,,-4902.19
2026-06-13,POS GREENWICH,,-2717.85
2026-06-13,HARDWARE SHELVING BRACKETS,INV-4410,-4650.00
2026-06-14,STARBUCKS BILL,inv1008,-3012.01
2026-06-14,POS METROBANK,,-3624.43
2026-06-15,LANDERS SUPPLIES,,2500.00
2026-06-16,GRAB*RIDE,,-250.00
2026-06-17,SHOPEE SUBSCRIPTION,inv1020,-6370.65
2026-06-18,SHELL 1111,,-2565.91
2026-06-18,PETRON 1333,,-3380.14
2026-06-18,GRAB*RIDE,,-250.00
2026-06-20,WILCON ORDER,,-6942.97
2026-06-21,POS PUREGOLD,inv1004,-5938.56
2026-06-21,ROBINSONS 1555,,-2584.19
2026-06-22,CANON 1777,,-6955.19
2026-06-24,HANDYMAN 1999,,-4568.28
2026-06-25,POS WATSONS,,-209.57
2026-06-25,POS SAVEMORE,inv1016,-1787.72
2026-06-27,MERCURY ORDER,,-931.51
2026-06-28,ACE HARDWARE PAYMENT,,-4400.44
2026-06-28,POS EPSON,,1187.40
2026-06-30,MONTHLY SERVICE FEE,,-150.00

