Posting Date,Description,Reference,Debit,Credit,Balance
03-May-2026,MAYNILAD WATER 0503,,"1,215.60",,"248,784.40"
03-May-2026,LAZADA PH PURCHASE,,"8,490.00",,"240,294.40"
04-May-2026,MERALCO PAYMENT 0504,,"6,842.35",,"233,452.05"
05-May-2026,POS JOLLIBEE QC,,"1,036.00",,"232,416.05"
06-May-2026,GRAB*DELIVERY,,312.00,,"232,104.05"
07-May-2026,SHELL ELMS 0507,,"2,500.00",,"229,604.05"
09-May-2026,NATIONAL BOOK STORE MANILA,,"4,950.00",,"224,654.05"
10-May-2026,PUREGOLD QC,OR-20418,"3,486.00",,"221,168.05"
12-May-2026,MERCURY DRUG,,742.50,,"220,425.55"
14-May-2026,GLOBE TELECOM 0514,,"1,899.00",,"218,526.55"
14-May-2026,MANG INASAL SM NORTH,,"1,560.00",,"216,966.55"
15-May-2026,CANON MARKETING PH,,"5,320.00",,"211,646.55"
15-May-2026,GRAB*RIDES,,250.00,,"211,396.55"
17-May-2026,SM SUPERMARKET NORTH EDSA,,"1,184.25",,"210,212.30"
17-May-2026,GRAB*RIDES,,250.00,,"209,962.30"
20-May-2026,LBC EXPRESS,,690.00,,"209,272.30"
21-May-2026,WILCON DEPOT BF,,"2,275.00",,"206,997.30"
21-May-2026,STARBUCKS CORP,,565.00,,"206,432.30"
22-May-2026,PETRON PASIG 0522,,"2,350.00",,"204,082.30"
24-May-2026,EPSON PHILIPPINES,,"3,120.00",,"200,962.30"
25-May-2026,SUPPLIER REFUND EPSON,,,"1,100.00","202,062.30"
27-May-2026,SMART COMMUNICATIONS,,999.00,,"201,063.30"
29-May-2026,OFFICE WAREHOUSE,,860.00,,"200,203.30"
30-May-2026,CHECK PAYMENT,004512,"18,000.00",,"182,203.30"
31-May-2026,MONTHLY MAINTENANCE FEE,,150.00,,"182,053.30"
31-May-2026,CHECKBOOK ORDER FEE,,340.00,,"181,713.30"
